avcodec-63.dll	aho-corasick-1.1.5
avcodec-63.dll	aligned-vec-0.6.4
avcodec-63.dll	arrayvec-0.7.6
avcodec-63.dll	av-scenechange-0.14.1
avcodec-63.dll	bitstream-io-4.2.0
avcodec-63.dll	bytemuck-1.25.2
avcodec-63.dll	byteorder-1.5.0
avcodec-63.dll	byteorder-lite-0.1.0
avcodec-63.dll	cairo-rs-0.22.9
avcodec-63.dll	color_quant-1.1.0
avcodec-63.dll	crossbeam-deque-0.8.6
avcodec-63.dll	crossbeam-deque-0.8.8
avcodec-63.dll	crossbeam-epoch-0.9.18
avcodec-63.dll	crossbeam-epoch-0.9.21
avcodec-63.dll	cssparser-0.37.0
avcodec-63.dll	data-url-0.3.2
avcodec-63.dll	dav1d-0.11.1
avcodec-63.dll	dtoa-short-0.3.5
avcodec-63.dll	encoding_rs-0.8.41
avcodec-63.dll	equator-0.4.2
avcodec-63.dll	fallible_collections-0.4.9
avcodec-63.dll	fdeflate-0.3.7
avcodec-63.dll	flate2-1.1.10
avcodec-63.dll	form_urlencoded-1.2.2
avcodec-63.dll	futures-channel-0.3.34
avcodec-63.dll	futures-core-0.3.34
avcodec-63.dll	futures-executor-0.3.34
avcodec-63.dll	futures-util-0.3.34
avcodec-63.dll	gif-0.14.2
avcodec-63.dll	gio-0.22.9
avcodec-63.dll	glib-0.22.9
avcodec-63.dll	hashbrown-0.13.2
avcodec-63.dll	icu_collections-2.3.0
avcodec-63.dll	icu_locale_core-2.3.0
avcodec-63.dll	icu_normalizer-2.3.0
avcodec-63.dll	icu_provider-2.3.1
avcodec-63.dll	idna-1.1.0
avcodec-63.dll	image-0.25.10
avcodec-63.dll	image-webp-0.2.4
avcodec-63.dll	language-tags-0.3.2
avcodec-63.dll	lazy_static-1.5.0
avcodec-63.dll	locale_config-0.3.0
avcodec-63.dll	log-0.4.34
avcodec-63.dll	markup5ever-0.39.0
avcodec-63.dll	memchr-2.8.3
avcodec-63.dll	miniz_oxide-0.9.1
avcodec-63.dll	moxcms-0.8.1
avcodec-63.dll	mp4parse-0.17.0
avcodec-63.dll	nalgebra-0.35.0
avcodec-63.dll	num-bigint-0.4.8
avcodec-63.dll	num-integer-0.1.47
avcodec-63.dll	num-rational-0.4.2
avcodec-63.dll	pango-0.22.9
avcodec-63.dll	pangocairo-0.22.9
avcodec-63.dll	parking_lot-0.12.5
avcodec-63.dll	parking_lot_core-0.9.12
avcodec-63.dll	percent-encoding-2.3.2
avcodec-63.dll	phf-0.13.1
avcodec-63.dll	phf_shared-0.13.1
avcodec-63.dll	phf_shared-0.14.0
avcodec-63.dll	png-0.18.1
avcodec-63.dll	pxfm-0.1.30
avcodec-63.dll	rayon-1.10.0
avcodec-63.dll	rayon-1.12.0
avcodec-63.dll	rayon-core-1.12.1
avcodec-63.dll	rayon-core-1.13.0
avcodec-63.dll	rctree-0.6.0
avcodec-63.dll	regex-1.13.1
avcodec-63.dll	regex-automata-0.4.18
avcodec-63.dll	regex-syntax-0.8.11
avcodec-63.dll	scan_fmt-0.2.6
avcodec-63.dll	selectors-0.40.0
avcodec-63.dll	servo_arc-0.4.3
avcodec-63.dll	simdutf8-0.1.5
avcodec-63.dll	smallvec-1.16.1
avcodec-63.dll	string_cache-0.10.0
avcodec-63.dll	string_cache-0.9.0
avcodec-63.dll	tendril-0.5.1
avcodec-63.dll	tinyvec-1.13.3
avcodec-63.dll	url-2.5.8
avcodec-63.dll	v_frame-0.3.9
avcodec-63.dll	weezl-0.1.12
avcodec-63.dll	xml5ever-0.39.0
avcodec-63.dll	zerotrie-0.2.5
avcodec-63.dll	zerovec-0.11.8
avcodec-63.dll	zune-core-0.5.3
avcodec-63.dll	zune-jpeg-0.5.15
